{
  "project_root": "/mnt/data/workdir",
  "py_files": 24,
  "third_party_detected": [
    "Jinja2",
    "boto3",
    "botocore",
    "paramiko"
  ],
  "findings": {
    "hardcoded_ips": [],
    "aws_regions": [
      "us-east-1"
    ],
    "windows_paths": [
      "T:\\n%s\\nSTDERR:\\n%s\", rc, out, err)",
      "T:\\n{out}\\nSTDERR:\\n{err}\")",
      "n:\\$PATH\" >> /etc/profile.d/java.sh"
    ],
    "unix_paths": [
      "/%s)...",
      "/.tar.gz).",
      "/0",
      "/<zip-stem>.",
      "/A",
      "/AE/AWI,",
      "/AWI/SM",
      "/Automation.Platform/db/postgresql",
      "/DNS",
      "/JCP/WP/CP/REST)",
      "/JCP/WPs/CPs/REST).",
      "/JDBC/TLS",
      "/PG_VERSION",
      "/SG,",
      "/UC_UPD.TXT",
      "/^/DB",
      "/after_uc_ddl.sql",
      "/all",
      "/automic_bootstrap/cli.py",
      "/automic_bootstrap/components/transfer.py",
      "/automic_bootstrap/orchestrators/stack.py",
      "/aws/service/ami-amazon-linux-latest/al2023-ami-kernel-6.1-x86_64",
      "/bin",
      "/bin/bash",
      "/bin/lib/postgresql-42.7.5.jar",
      "/bin:\\$PATH",
      "/check_privileges.sql",
      "/config/ucsvr.ini",
      "/config/ucylbsmgr.ini",
      "/create_fk_for_E.sql",
      "/create_xevents.sql",
      "/db/postgresql",
      "/db_name/db_pass",
      "/dev/console)",
      "/dev/null",
      "/etc/profile.d/java.sh",
      "/etc/systemd/system/postgresql@${PGVER}.service.d",
      "/etc/systemd/system/postgresql@${PGVER}.service.d/override.conf",
      "/etc/systemd/system/postgresql@16.service.d",
      "/etc/systemd/system/postgresql@16.service.d/override.conf",
      "/home/ec2-user/awi_response.properties",
      "/home/ec2-user/ucsmgrlx6.tar.gz",
      "/ilmswitch.sql",
      "/opt",
      "/opt/automic",
      "/opt/automic/ServiceManager",
      "/opt/automic/Utility",
      "/opt/automic/Utility/;",
      "/opt/automic/Utility/bin",
      "/opt/automic/Utility/bin/ucybdbld",
      "/opt/automic/Utility/bin/ucybdbld.ini",
      "/opt/automic/Utility/db/general/*",
      "/opt/automic/WebInterface",
      "/opt/automic/install",
      "/opt/automic/install/Automation.Platform/Utility/unix/linux/x64/utillx6.tar.gz",
      "/opt/automic/install/Automation.Platform/db",
      "/opt/automic/install/Automic.Automation_24.4.1_2025-07-25/Automation.Platform/db/postgresql/24.4}",
      "/opt/automic/install/Automic.zip",
      "/opt/automic/utils",
      "/opt/db/tablespaces/ae_data",
      "/opt/db/tablespaces/ae_index",
      "/orchestrators/stages.py",
      "/pg",
      "/pgdata/ts/AE_DATA",
      "/pgdata/ts/AE_INDEX",
      "/port/trust).",
      "/remote",
      "/reuse",
      "/run/postgresql",
      "/run/postgresql/.s.PGSQL.5432.lock",
      "/steps",
      "/tmp/aedb_fix_and_load.sh",
      "/tmp/aedb_post_bootstrap_check.log",
      "/tmp/aedb_verify_quick.sh",
      "/tmp/{db_name}.sql",
      "/uc4.smc,",
      "/uc4|",
      "/uc_ddl.sql",
      "/ucsrvcp",
      "/ucsrvwp",
      "/ucybsmgr",
      "/upd_stat.sql",
      "/usr/bin/env",
      "/usr/bin/initdb",
      "/v2,",
      "/var/lib/pgsql",
      "/var/lib/pgsql/${PGVER}/data",
      "/var/lib/pgsql/16/data",
      "/var/lib/pgsql/16/data/pg_hba.conf",
      "/var/lib/pgsql/16/data/postgresql.conf",
      "/var/log/db-user-data.log",
      "/var/log/java-user-data.log",
      "/{DEFAULT_ARCHIVE_NAME}.",
      "/{local_zip.name}"
    ],
    "password_literals": [
      "${APPPASS:-Automic123}",
      "${APPPASS}"
    ]
  }
}